Zone Name,Comment,Power,RX Freq,TX Freq,Color Code,ARRG 2,Audio Test 2,Baynet 2,BC 1,BC 2,Bridge 2,Cactus 2,California 1,Canada 2,Cascades 1,Hawaii 1-2,I-5 1,I-84 2,Idaho ARES 2,Idaho 1,Inland 2,Local 1,Metro 2,Michigan 1,Montana 2,Mountain 2,MPRG 1-2,Net 2,N.America 2,Ontario 2,Oregon 1,OR Central 2,Parrot 1,PNW 1,PNW 2,PNW Rgnl 2,PS1-DNU,PS2-DNU,SNARS 1-2,SoCal 2,TAC 1-2,TAC 2-2,TAC 3-2,TG 9,TAC 310-2,TAC 311-2,TAC 312-2,USA 2,Utah 2,WVisayas 5156,Washington 1,Washington 2,Worldwide 2,WW English 2,SAR-WV 2,RACOM ARC 2,World-wide,North America,WW Maritime,SOTA,Hurricane Net,Reddit
Ariel/Ariel VHF;ARA,,High,147.4125,146.4125,1,-,2,-,1,-,2,-,1,-,1,-,1,-,-,1,-,1,2,-,2,-,-,-,2,-,1,-,1,1,2,2,-,-,-,-,2,2,2,-,2,2,2,2,-,-,1,2,-,-,-,-,-,-,-,-,-,-
BC:Whisler/Black;BCB,,High,443.85,448.85,2,-,-,-,1,2,-,-,-,2,-,-,1,-,-,-,-,-,-,-,-,-,-,-,2,2,-,-,1,1,2,2,-,-,-,-,-,-,-,-,2,-,-,-,-,-,1,2,2,2,-,-,-,-,-,-,-,-
BC:NewWstmnstr;BCW,,High,444.6,449.6,1,-,-,-,1,2,-,-,-,2,-,-,1,-,-,-,-,-,-,-,-,-,-,-,2,2,-,-,1,1,2,2,-,-,-,-,-,-,-,-,2,-,-,-,-,-,1,2,2,2,-,-,-,-,-,-,-,-
BC:Vancouver/Sey;BCS,,High,443.4,448.4,1,-,-,-,1,2,-,-,-,2,-,-,1,-,-,-,-,-,-,-,-,-,-,-,2,2,-,-,1,1,2,2,-,-,-,-,-,-,-,-,2,-,-,-,-,-,1,2,2,2,-,-,-,-,-,-,-,-
BC:PortAlbernir;BCP,,High,444.25,449.25,1,-,-,-,1,2,-,-,-,2,-,-,1,-,-,-,-,-,-,-,-,-,-,-,2,2,-,-,1,1,2,2,-,-,-,-,-,-,-,-,2,-,-,-,-,-,1,2,2,2,-,-,-,-,-,-,-,-
BC:Squamish;BSQ,,High,443.85,448.85,3,-,-,-,1,2,-,-,-,2,-,-,1,-,-,-,-,-,-,-,-,-,-,-,2,2,-,-,1,1,2,2,-,-,-,-,-,-,-,-,2,-,-,-,-,-,1,2,2,2,-,-,-,-,-,-,-,-
BC:W.Vancvr/Ambl;BCA,,High,443.85,448.85,1,-,-,-,1,2,-,-,-,2,-,-,1,-,-,-,-,-,-,-,-,-,-,-,2,2,-,-,1,1,2,2,-,-,-,-,-,-,-,-,2,-,-,-,-,-,1,2,2,2,-,-,-,-,-,-,-,-
Bellevue/Cougar;BVC,,High,441.2875,446.2875,1,-,2,-,1,-,2,-,1,2,1,2,1,-,-,1,-,1,2,1,-,2,-,2,-,-,1,-,1,1,2,2,-,-,2,-,2,2,-,-,2,2,2,2,-,-,1,2,-,-,-,-,-,-,-,-,-,-
Bellevu/Cougar;BVV,,High,147.02,147.62,1,-,2,-,1,-,2,2,1,-,1,-,1,-,-,1,-,1,2,-,-,2,-,2,2,-,1,-,1,1,2,2,-,-,-,-,2,2,2,-,2,2,2,2,-,-,1,2,-,-,-,-,-,-,-,-,-,-
Bellingham UHF;BEU,,High,440.925,445.925,1,-,2,-,1,-,2,-,-,2,1,-,1,-,-,1,-,1,2,-,2,2,-,2,2,-,1,-,1,1,2,2,-,-,-,-,2,2,2,-,2,2,-,2,-,-,1,2,-,-,-,-,-,-,-,-,-,-
Bellingham VHF;BEV,,High,146.5,147.5,1,-,2,-,1,-,-,-,1,2,1,-,1,-,-,1,-,1,2,-,2,-,-,2,2,-,1,-,1,1,2,2,-,-,-,-,2,2,2,-,2,2,2,2,-,-,1,2,-,-,-,-,-,-,-,-,-,-
Biggs/Juniper Pt;BIJ,,High,443.325,448.325,1,2,2,2,1,-,2,-,1,-,1,-,-,2,-,1,2,1,2,-,2,2,2,2,2,-,1,-,1,1,2,2,-,-,-,2,2,2,2,-,2,2,2,2,2,-,1,2,2,-,-,-,-,-,-,-,-,-
Bordmn/GolG;BOG,,High,443.375,448.375,1,-,2,2,1,-,2,-,1,-,1,-,-,2,-,1,2,1,2,-,2,2,2,2,2,-,1,-,1,1,2,2,-,-,-,2,2,2,2,-,2,2,2,2,2,-,1,2,2,-,-,-,-,-,-,-,-,-
BrushPr/ClrkRng;BPC,,High,444.1125,449.1125,7,-,2,-,1,-,-,-,-,-,1,2,-,2,-,-,-,1,2,-,-,-,-,-,-,-,1,-,1,1,2,2,-,-,-,-,2,-,-,-,-,-,-,-,-,-,1,2,-,-,-,-,-,-,-,-,-,-
Cascad Lock/Hill;CAH,,High,443.325,448.325,1,-,2,2,1,-,2,-,1,-,1,-,-,2,-,1,2,1,2,-,2,2,2,2,2,-,1,-,1,1,2,2,-,-,-,2,2,2,-,-,2,2,2,2,2,-,1,2,2,-,-,-,-,-,-,-,-,-
Chehalis/BawFaw;CHB,,High,146.5,147.5,1,-,2,-,1,-,2,-,-,-,1,-,1,-,-,-,-,1,2,-,-,2,-,-,2,-,1,-,1,1,2,2,-,-,-,2,2,2,2,-,2,-,-,2,-,-,1,2,-,-,-,-,-,-,-,-,-,-
Chinook/Megler U;CMU,,High,440.9625,445.9625,1,-,2,-,1,-,2,-,1,-,1,-,-,-,-,1,-,1,2,-,2,2,-,2,2,-,1,-,1,1,2,2,-,-,-,-,2,2,2,-,2,2,2,2,-,-,1,2,2,-,-,-,-,-,-,-,-,-
CdA Metro;CDM,,High,146.45,147.45,1,-,2,-,1,-,2,-,-,-,1,-,-,-,2,1,-,1,2,-,2,-,-,2,2,-,1,-,1,1,2,2,-,-,-,-,2,2,2,-,-,-,-,2,2,-,1,2,-,-,-,-,-,-,-,-,-,-
Coeur d'Alene;CDA,,High,440.925,445.925,1,-,2,-,1,-,2,-,-,-,1,-,-,-,2,1,-,1,2,-,2,-,2,-,-,-,1,-,1,1,2,2,-,-,2,-,2,2,2,-,2,2,2,2,-,1,1,2,-,2,-,2,-,-,-,-,-,-
Corbett/Lookout;COL,,High,443.1,448.1,1,2,2,2,1,-,2,-,1,-,1,-,1,2,-,1,2,1,2,-,2,2,2,2,2,-,1,-,1,1,2,2,-,-,-,2,2,2,2,-,2,2,2,2,2,-,1,2,2,-,-,-,-,-,-,-,-,-
Dallas/CityV;DCV,,High,442.8875,447.8875,1,-,2,-,-,-,-,-,-,-,1,-,1,-,-,1,-,1,2,-,2,2,-,-,-,-,1,-,1,1,2,2,-,-,2,-,2,2,2,-,2,-,-,2,2,-,1,2,-,-,2,-,-,-,-,-,-,-
Ellens/SunE UHF;ELU,,High,440.925,445.925,1,-,2,-,1,-,2,-,1,-,1,-,-,-,-,1,-,1,2,-,-,2,-,2,2,-,1,-,1,1,2,2,-,-,-,-,2,2,2,-,2,2,2,2,-,-,1,2,2,2,-,-,-,-,-,-,-,-
Ellens/SunE VHF;ELV,,High,147.4125,146.4125,1,-,2,-,1,-,2,-,1,2,1,-,-,-,-,1,-,1,2,-,2,2,-,2,2,-,1,-,1,1,2,2,-,-,2,-,2,2,2,-,2,2,2,2,-,-,1,2,2,2,-,-,-,-,-,-,-,-
Ephrata/Beasley;EPB,,High,147.4125,146.4125,1,-,2,-,1,-,2,-,-,-,1,-,-,-,-,1,-,1,2,-,2,-,-,2,2,-,1,-,1,1,2,2,-,-,-,-,2,2,-,-,2,2,-,2,-,-,1,2,2,2,-,2,-,-,-,-,-,-
Gresham/Hospital;GRH,,High,443.075,448.075,1,2,2,2,1,-,2,-,1,-,1,-,1,2,-,1,2,1,2,-,2,2,2,2,2,-,1,-,1,1,2,2,-,-,-,2,2,2,2,-,2,2,2,2,2,-,1,2,2,-,-,-,-,-,-,-,-,-
Hillsboro/Saddle;HIS,,High,440.8125,445.8125,1,2,2,2,1,-,2,-,1,-,1,-,1,2,-,1,2,1,2,-,2,2,2,2,2,-,1,-,1,1,2,2,-,-,-,2,2,2,2,-,2,2,2,2,2,-,1,2,2,-,-,-,-,-,-,-,-,-
HoodRiver/Burd;HOB,,High,443.075,448.075,1,-,2,2,1,-,2,-,1,-,1,-,-,2,-,1,2,1,2,-,2,2,2,2,2,-,1,-,1,1,2,2,-,-,-,2,2,2,2,-,2,2,2,2,2,-,1,2,2,-,-,-,-,-,-,-,-,-
IssaquahTiger;IST,,High,442.025,447.025,1,-,2,-,1,-,2,-,1,2,1,2,1,-,-,1,-,1,2,-,2,-,-,2,-,-,1,-,1,1,2,2,-,-,-,-,2,2,2,-,2,2,2,2,-,-,1,2,-,-,-,-,-,-,-,-,-,-
Kelso/Columbia;KEC,,High,444.7125,449.7125,1,-,2,-,-,-,2,-,-,-,1,-,1,-,-,1,-,1,2,-,-,2,-,-,2,-,1,-,1,-,2,2,-,-,-,-,2,2,2,-,2,2,2,2,-,-,1,2,-,-,-,-,-,-,-,-,-,-
Lewiston ID;LEW,,High,442.1,447.1,1,-,2,-,1,-,2,-,-,2,1,-,-,-,2,1,-,1,2,-,2,-,2,2,-,-,1,-,1,1,2,2,-,-,-,-,2,2,2,-,2,2,2,2,2,-,1,2,-,-,-,-,-,-,-,-,-,-
Longview/Rainier;LVR,,High,441.7,446.7,1,-,2,-,-,-,2,-,-,-,1,-,1,-,-,1,-,1,2,-,-,2,-,-,2,-,1,-,1,-,2,2,-,-,-,-,2,2,2,-,2,2,2,2,-,-,1,2,-,-,-,-,-,-,-,-,-,-
Mazama VHF;MAZ,,High,145.21,147.99,3,-,2,-,1,-,2,-,-,2,1,2,-,-,-,1,-,1,2,-,2,-,-,2,2,-,1,-,1,1,2,2,-,-,-,-,2,2,2,-,-,2,-,2,2,-,1,2,-,2,-,2,-,-,-,-,-,-
MM/Suzy 430;MMS,,Low,430.4125,430.4125,1,-,-,-,-,-,-,-,-,-,1,-,1,-,-,1,-,1,-,-,-,-,-,-,-,-,1,-,1,1,1,1,-,-,-,-,1,1,-,-,-,-,-,-,-,-,1,1,-,-,-,-,-,-,-,-,-,-
MM/Bridget 430;MMB,,Low,430.4125,430.4125,1,-,-,-,1,-,-,-,-,-,1,-,-,-,-,1,-,1,-,-,1,-,-,-,-,-,1,-,1,1,1,1,-,-,-,-,1,1,-,-,-,-,-,-,1,-,1,1,-,-,-,-,-,-,-,-,-,-
MM/Otis 430;MMO,,Low,430.4125,430.4125,1,1,-,-,-,-,-,-,-,-,1,-,-,1,-,1,-,1,-,-,-,-,-,-,-,-,1,1,1,1,-,1,-,-,-,-,1,1,-,-,-,-,-,-,-,-,1,1,-,-,-,-,-,-,-,-,-,-
MM/Peter 430;MMP,,Low,430.4125,430.4125,1,-,-,-,-,-,-,-,-,-,-,-,-,-,-,-,-,1,-,-,-,-,-,-,-,-,1,-,1,-,-,1,-,-,-,-,1,1,-,-,-,-,-,-,-,-,1,-,-,-,-,-,-,-,-,-,-,-
MM/Wes 430;MMW,,Low,430.4125,430.4125,1,-,-,-,-,-,-,-,-,-,1,-,1,-,-,-,-,1,-,-,-,-,-,-,-,-,1,-,1,1,1,1,-,-,-,-,1,1,-,-,1,-,-,-,-,-,1,1,-,-,-,-,-,-,-,-,-,-
MM/RexX 2Slot;MMR,,Low,430.4375,439.4375,1,-,2,-,1,-,-,-,-,-,1,-,-,-,-,1,-,1,-,-,-,-,-,-,-,-,1,2,1,1,2,2,-,-,-,-,2,2,2,-,-,-,-,-,-,-,1,2,-,-,-,-,-,-,-,-,-,-
MM/Demi 2Slot;MMD,,Low,430.4375,439.4375,1,-,2,-,1,-,-,-,1,-,1,-,1,-,-,1,-,1,-,-,2,-,-,2,-,-,1,-,1,1,2,2,-,-,-,-,2,2,2,-,-,-,-,2,2,-,1,2,-,-,-,-,-,-,-,-,-,-
MM/Ted 2Slot;MMT,,Low,430.4375,439.4375,1,-,2,-,1,-,-,-,-,-,1,-,-,-,-,1,-,1,2,-,2,-,-,2,-,-,1,-,1,1,2,2,-,-,-,-,2,-,-,-,-,-,-,-,2,-,1,2,-,-,-,-,-,-,-,-,-,-
Moses Lk/Frechmn;MOF,,High,440.925,445.925,1,-,2,-,1,-,2,-,1,2,1,-,-,-,-,1,-,1,2,-,2,-,-,2,2,-,1,-,1,1,2,2,-,-,-,-,2,2,2,-,2,-,-,2,-,-,1,2,2,2,-,2,-,-,-,-,-,-
MtHood/GvmtCamp;MHG,,High,444.15,449.15,1,2,2,2,1,-,2,-,1,-,1,-,-,2,-,1,2,1,2,-,2,2,2,2,2,-,1,2,1,1,2,2,-,-,-,2,2,2,2,-,2,2,2,2,2,-,1,2,2,-,-,-,-,-,-,-,-,-
Naneum  Ridge;NMR,,High,146.4875,147.4875,1,-,2,-,1,-,-,-,-,-,1,-,-,2,-,1,-,1,2,-,2,-,-,-,-,-,1,-,1,1,2,2,-,-,-,-,2,2,2,-,2,-,-,2,2,-,1,2,-,-,-,2,-,-,-,-,-,-
Newberg/MtnTopRd;NEM,,High,444.4875,449.4875,1,-,2,-,-,-,-,-,-,-,1,-,1,-,-,1,-,1,2,-,2,2,-,-,-,-,1,-,1,1,2,2,-,-,2,-,2,2,2,-,2,-,-,2,2,-,1,2,-,-,2,-,-,-,-,-,-,-
NBend/ValleyCamp;NBV,,High,440.725,445.725,1,-,2,-,1,-,2,-,-,-,1,-,-,-,-,1,-,1,2,-,-,-,-,-,-,-,1,-,1,1,2,2,-,-,-,-,2,2,2,-,2,2,2,2,-,-,1,2,-,-,-,-,-,-,-,-,-,-
Ocean Shores;OCS,,High,146.4125,147.4125,1,-,2,-,1,-,2,-,-,-,1,-,-,-,-,1,-,1,2,-,2,-,-,2,2,-,1,-,1,1,2,2,-,-,-,-,2,2,2,-,2,-,-,2,2,-,1,2,-,-,-,-,-,-,-,-,-,-
Olympia/Cap Pk;OLC,,High,440.7125,445.7125,1,-,2,-,1,-,2,-,1,-,1,-,1,-,-,1,-,1,2,-,-,2,-,2,-,-,1,-,1,1,2,2,-,-,-,-,2,2,-,-,2,2,2,2,-,-,1,2,-,-,-,-,-,-,-,-,-,-
Portland/MtScott;POM,,High,441.325,446.325,7,2,2,2,1,-,2,-,1,-,1,-,1,2,-,1,2,1,2,-,2,2,2,2,2,-,1,-,1,1,2,2,-,-,-,2,2,2,2,-,2,2,2,2,2,-,1,2,2,-,-,-,-,-,-,-,-,-
Portland/PPMC;POP,,High,444.8375,449.8375,7,-,2,-,1,-,-,-,-,-,1,-,1,2,-,-,-,1,2,-,-,-,-,2,-,-,1,-,1,1,2,2,-,-,-,-,2,-,-,-,-,-,-,-,-,-,1,2,-,-,-,-,-,-,-,-,-,-
Portland/Sylvan;POS,,High,440.5125,445.5125,1,2,2,2,1,-,2,-,1,-,1,-,1,2,-,1,2,1,2,-,2,2,2,2,2,-,1,-,1,1,2,2,-,-,-,2,2,2,2,-,2,2,2,2,2,-,1,2,2,-,-,-,-,-,-,-,-,-
Poteros/Goat Mtn;POG,,High,444.125,449.125,1,-,2,-,1,-,2,-,-,-,1,-,-,-,-,-,-,1,2,-,2,-,-,2,2,-,1,-,1,1,2,2,-,-,-,-,2,2,2,-,2,-,-,2,2,-,1,2,2,-,-,-,-,-,-,-,-,-
Prineville/Town;PRT,,High,441.25,446.25,1,-,2,-,-,-,-,-,-,-,1,-,-,-,-,1,-,1,2,-,-,-,-,-,2,-,1,2,1,1,2,2,-,-,-,-,2,-,-,-,2,2,2,-,-,-,1,2,2,-,-,-,-,-,-,-,-,-
Pullman/Pullman;PUW,,High,440.7,445.7,1,-,2,-,1,-,-,-,-,-,1,-,-,-,-,1,-,1,2,-,2,-,2,-,-,-,1,-,1,1,2,2,-,-,-,-,2,2,2,-,2,2,-,2,2,-,1,2,-,-,-,-,-,-,-,-,-,-
Saint Maries ID;SAI,,High,443.75,448.75,1,-,2,-,1,-,2,-,-,-,1,-,-,-,2,1,-,1,2,-,2,-,2,2,-,-,1,-,1,1,2,2,-,-,-,-,2,2,2,-,2,2,2,2,2,-,1,2,-,-,-,-,-,-,-,-,-,-
Salem/Prospect;SPH,,High,441.275,446.275,1,-,2,-,-,-,-,-,-,-,1,-,1,-,-,1,-,1,2,-,2,2,-,-,-,-,1,-,1,1,2,2,-,-,2,-,2,2,2,-,2,-,-,2,2,-,1,2,-,-,2,-,-,-,-,-,-,-
Salem/Popcorn;SLP,,High,145.35,144.75,1,-,2,-,1,-,2,-,-,-,1,-,1,-,-,1,-,1,2,-,2,-,-,2,2,-,1,2,1,1,2,2,-,-,-,-,2,2,2,-,-,-,-,2,2,-,1,2,-,-,2,-,-,-,-,-,-,-
Seattle/Metro;SEM,,High,441.325,446.325,1,-,2,-,1,-,2,-,-,-,1,-,1,-,-,1,-,1,2,-,-,2,-,2,2,-,1,-,1,1,2,2,-,-,-,-,2,2,2,-,-,-,-,2,-,-,1,2,-,-,-,-,-,-,-,-,-,-
Shelton/SpncrLk;SHL,,High,147.02,147.62,2,-,2,-,1,-,2,-,1,-,1,-,-,-,-,1,-,1,2,-,-,-,-,2,2,-,1,-,1,1,2,2,-,-,-,-,2,2,2,-,2,-,-,2,-,-,1,2,-,-,-,-,-,-,-,-,-,-
Shoreline/SHR;SHR,,High,440.125,445.125,1,-,2,-,1,-,2,-,-,-,1,-,1,-,-,1,-,1,2,-,2,-,-,2,2,-,1,-,1,1,2,2,-,-,-,-,2,2,2,-,-,-,-,2,2,-,1,2,-,-,-,-,-,-,-,-,-,-
Spokane/Lkout U;SPL,,High,444.15,449.15,1,-,2,-,1,-,2,-,1,2,1,-,-,-,-,1,-,1,2,-,-,-,-,2,2,-,1,-,1,1,2,2,-,-,-,-,2,2,2,-,2,2,2,2,-,-,1,2,2,2,-,2,-,-,-,-,-,-
Spokane/Krell U;SKU,,High,444.125,449.125,1,-,2,-,1,-,2,-,1,2,1,-,1,-,-,1,-,1,2,-,-,2,-,2,2,-,1,-,1,1,2,2,-,-,-,-,2,2,2,-,2,2,2,2,2,-,1,2,2,2,-,2,-,-,-,-,-,-
Spokane/Krell V;SKV,,High,147.4125,146.4125,1,-,2,-,1,-,2,-,1,2,1,-,1,-,-,1,-,1,2,-,-,2,-,2,2,-,1,-,1,1,2,2,-,-,2,-,2,2,2,-,2,2,2,2,2,-,1,2,2,2,-,2,-,-,-,-,-,-
SpknVly/RdgcrstV;SRv,,High,147.4625,146.4625,1,-,2,-,1,-,2,-,-,-,1,-,-,-,-,1,-,1,2,-,-,-,-,2,2,-,1,-,1,1,2,2,-,-,-,-,2,2,2,-,2,-,-,2,2,-,1,2,-,-,-,2,-,-,-,-,-,-
SpknVly/RdgcrstU;SRu,,High,440.7875,445.7875,1,-,2,-,1,-,2,-,1,2,1,-,-,-,-,1,-,1,2,-,-,-,-,2,2,-,1,-,1,1,2,2,-,-,-,-,2,2,2,-,2,2,2,2,-,-,1,2,-,-,-,2,-,-,-,-,-,-
Tacoma/Ruston;TAR,,High,440.725,445.725,1,-,2,-,1,-,2,2,1,2,1,-,1,-,-,1,-,1,2,-,2,2,-,2,-,-,1,-,1,1,2,2,-,-,2,-,2,2,2,-,2,2,2,2,-,-,1,2,-,-,-,-,-,-,-,-,-,-
Tacoma/Baldi;TB2,,High,223.8,222.2,1,-,2,-,1,-,2,-,1,-,1,-,-,-,-,1,-,1,2,-,2,2,-,2,2,-,1,-,1,1,2,2,-,-,-,2,2,2,2,-,2,-,-,2,2,-,1,2,-,-,-,-,-,-,-,-,-,-
Tacoma/Baldi U;TBU,,High,441.35,446.35,1,-,2,-,1,-,2,-,1,-,1,2,1,-,-,1,-,1,2,-,-,2,-,2,2,-,1,-,1,1,2,2,-,-,2,-,2,2,-,-,2,2,2,2,-,-,1,2,-,-,-,-,-,-,-,-,-,-
Tacoma/Baldi V;TBV,,High,146.4375,147.4375,1,-,2,-,-,-,-,-,-,-,1,-,1,-,-,1,2,1,2,-,2,-,-,2,-,-,1,-,1,1,2,2,-,-,-,-,2,2,2,-,-,-,2,2,-,-,1,2,-,-,-,-,-,-,-,-,-,-
TheDall/StackrBu;THS,,High,443.1,448.1,1,2,2,2,1,-,2,-,1,-,1,-,-,2,-,1,2,1,2,-,2,2,2,2,2,-,1,-,1,1,2,2,-,-,-,2,2,2,2,-,2,2,2,2,2,-,1,2,2,-,-,-,-,-,-,-,-,-
Tri-Citi/JOJ UHF;TRU,,High,440.7375,445.7375,1,-,2,-,-,-,2,-,-,-,1,-,-,-,-,1,-,1,2,-,2,-,-,-,2,-,1,-,1,1,2,2,-,-,-,-,2,2,2,-,2,-,-,2,2,-,1,2,-,-,-,2,-,-,-,-,-,-
Tri-Citi/JOJ VHF;TRV,,High,146.425,147.425,1,-,2,-,-,-,-,-,-,-,1,-,-,2,-,1,-,1,2,-,-,-,-,-,2,-,1,-,1,1,2,2,-,-,-,-,-,-,2,-,2,-,-,2,-,-,1,2,-,-,-,2,-,-,-,-,-,-
TroutLk/FltpMtn;TFM,,High,443.25,448.25,1,-,2,2,1,-,2,-,1,-,1,-,-,2,-,1,2,1,2,-,2,2,2,2,2,-,1,-,1,1,2,2,-,-,-,2,2,2,2,-,2,2,2,2,2,-,1,2,2,-,-,-,-,-,-,-,-,-
Tulalip/TulalipE;TLE,,High,442.35,447.35,1,-,2,-,1,-,-,-,1,-,1,-,1,-,-,1,-,1,2,-,2,-,-,2,-,-,1,-,1,1,2,2,-,-,-,-,2,2,2,-,-,-,-,-,-,-,1,2,-,-,-,-,-,-,-,-,-,-
Tulalip/TulalipW;TLW,,High,444.1,449.1,1,-,2,-,1,-,-,-,1,-,1,-,1,-,-,1,-,1,2,-,2,-,-,2,-,-,1,-,1,1,2,2,-,-,-,-,2,2,2,-,-,-,-,-,-,-,1,2,-,-,-,-,-,-,-,-,-,-
Wenatchee/LoBdgr;WEN,,High,443.75,448.75,1,-,2,-,1,-,2,-,-,-,1,-,-,-,-,1,-,1,2,-,2,-,-,2,2,-,1,-,1,1,2,2,-,-,-,-,2,2,2,-,2,-,-,2,2,-,1,2,2,-,-,-,-,-,-,-,-,-
Widbey Island; WHI,,High,440.7,445.7,1,-,2,-,1,-,2,-,1,2,1,-,1,-,-,1,-,1,2,-,-,2,-,-,2,-,1,-,1,1,2,2,-,-,-,-,2,2,2,-,-,2,2,2,-,-,1,2,-,-,-,-,-,-,-,-,-,-
Winthrop/RiserLk; WRL,,High,145.125,147.925,3,-,2,-,1,-,2,-,-,-,1,-,-,-,-,1,-,1,2,-,2,-,-,-,2,-,1,-,1,1,2,2,-,-,-,-,2,2,2,-,2,-,-,2,2,-,1,2,2,-,-,2,-,-,-,-,-,-
Yakima/Elephant;YAK,,High,147.12,147.72,1,-,2,-,1,-,2,-,-,-,1,-,-,-,-,1,-,1,2,-,2,-,-,2,2,-,1,-,1,1,2,2,-,-,-,-,2,2,2,-,2,-,-,2,-,-,1,2,2,-,-,2,-,-,-,-,-,-
PiStar;PIS,,Low,439.755,434.755,1,-,-,-,-,-,-,-,-,-,-,-,-,-,-,-,-,-,-,-,-,-,-,-,-,-,-,-,-,-,-,-,-,-,-,-,-,-,-,-,-,-,-,-,-,-,2,-,-,-,-,-,1,1,2,2,2,2
